,0
0,"답,대답"
1,"그냥,그저"
2,"대립,대치"
3,"신선하다,새롭다,새,신"
4,오세아니아
5,"황홀,휘황하다,휘황찬란하다"
6,"못생기다,못나다,추하다,밉다"
7,"잃어버리다,분실,잃다"
8,식장
9,홍콩
10,"대답,답"
11,신호등
12,"보물,보석,보화"
13,"전달,전갈,전하다"
14,"터뜨리다,폭발,폭파"
15,레바논
16,화산
17,보석상
18,겹치다
19,장군
20,"축사,축하사"
21,"원래,본래"
22,"식,축하,잔치,행사,파티"
23,화학실험
24,"기금,기본금"
25,유행
26,신문사
27,신문
28,"오해,곡해"
29,"반짝,반짝이다"
30,세례
31,"원금,자금,원가,본전"
32,전과
33,"고백,고해"
34,맥주
35,"등대,광탑"
36,빵
37,선전
38,"대화,대담"
39,별
40,불평
41,신기록
42,행사장
43,"새해,신년"
44,"본질,본성,근성,부성,부질,본바탕,성근,솔성,천질,체성,품성,품질"
45,"고발,고자질,일러바치다"
46,날리다
47,"근본,기반,기본,기초,바탕,뿌리"
48,새어머니
49,새아버지
50,빵집
51,"광,광선,라이트,빛,조명,비추다,비치다"
52,신도시
53,혁신
54,"게우다,구토,토하다"
55,"제과점,빵집"
56,오케이
57,"망신,체면을구기다"
58,"뇌물을주다,매수"
59,"수뢰,뇌물을받다"
60,고등
61,고급
62,문법
63,"글월,문,문구,문장"
64,"배부르다,부르다"
65,불화
66,입장을바꾸다
67,불빛을켜다
68,폴란드
69,토요일
70,"땅,육지,토지"
71,삼키다
72,드레스
73,"주다,내밀다,내주다,건네주다,제공,교부"
74,어지럽다
75,어마어마하다
76,육군
77,배낭
78,"고등학교,고교"
79,"까다,벗기다"
80,문인
81,문어
82,아프리카
83,시인
84,슬그머니
85,"이불,침구,덮다"
86,"켜다,켜지다,전깃불"
87,"가입,등록"
88,"넣다,담그다"
89,감
90,물러나다
91,"붓다,부풀다,부풀리다,부어있다"
92,수제비
93,"창원,창원시"
94,도토리
95,만
96,낙하산
97,퇴직금
98,공수부대
99,등록비
100,"박학,유식"
101,"뽀뽀,입맞춤,키스,맞추다"
102,빼버리다
103,회비
104,"이어내리다,전통,내려오다"
105,"고등학생,고교생"
106,회원
107,호두
108,탈퇴
109,"틈,바닥에생기는균열"
110,유행
111,"튀르키예공화국약칭튀르키예,터키"
112,중국
113,양복을맞추다
114,"속어,비속어"
115,"호각,호루라기,휘슬"
116,"짧다,가깝다"
117,"숙부,작은아버지"
118,특수교육지원센터
119,지점
120,"일개월,달"
121,묵도
122,"저자,저작자,지은이,필자"
123,높이
124,기타
125,"근방,가까이,근처,부근,인근"
126,"유예,연기,물리다,미루다"
127,"브래지어,브라"
128,"바느질,꿰매다,침선"
129,"별로,그다지"
130,"필기,쓰다,적다,쓰기,저술,서술"
131,미미하다
132,입을닫다
133,"말없다,묵묵하다,침묵,함구"
134,놀리다
135,"순서,목차,순번,순위,절차,차례,프로그램"
136,"숙모,작은어머니"
137,"솔직하다,정직"
138,"특히,각별,별,특별,특수,특별히"
139,"뜨다,개안"
140,장롱
141,사기꾼
142,"축구,차다"
143,"점차,점점,차차,차츰"
144,"사기,기만"
145,"보류,유보"
146,"그만하다,고만하다,이만하다,저만하다"
147,"먼데,먼곳"
148,"방금,방재"
149,성냥
150,월세
151,"월급,급료,봉급,월봉"
152,"영원,무궁,길이,불후,영구,영영"
153,지부
154,이
155,"작다,다소,약간,조금,약소하다,자그마하다,적다,조그마하다"
156,울릉도
157,울다
158,"연필,목필"
159,"사무원,사무직원"
160,"사무실,서무실"
161,사무
162,위인
163,"준말,약어"
164,"머리카락,모발,두발,머리털"
165,"기록,기술"
166,미소
167,"슬프다,슬픔,슬퍼하다,설움"
168,"음력,음세,태음력"
169,"옷,의복,의상"
170,가야금
171,"길이,장단,단장"
172,"길다,오래다,오래"
173,긍휼
174,"멀다,멀리"
175,껌
176,깨다
177,불을지르다
178,특허권
179,특수교육대상자
180,특례
181,"불쌍하다,가련하다,가엾다,애처롭다,측은하다,자비"
182,"봉급생활자,봉급자,샐러리맨"
183,울음
184,소액재판
185,오열
186,기다랗다
187,축구장
188,"잠깐,잠시"
189,"거의,거개,대부분,주로"
190,골인
191,나비넥타이
192,특수교육
193,비정
194,연지
195,사무소
196,월부
197,"월,달"
198,"오랜만,오래간만,오랫동안,오랜,모처럼"
199,기자
200,"훌륭하다,위대하다"
201,사무직
202,"걷어차다,사람을차다"
203,작은할아버지
204,"오랜만,오래간만,오랫동안,오랜,모처럼"
205,허술하다
206,"동기,동창,동창생"
207,파키스탄
208,특성
209,"고루고루,유사,흡사,근사하다,비슷하다,유사하다,흡사히"
210,재단사
211,잣
212,"천,일천"
213,천년
214,흙
215,"백,일백"
216,모래
217,"먼지,티끌"
218,백화점
219,백제
220,"백일,백날"
221,대가
222,저울
223,"십,열"
224,"지다,일몰,해넘이"
225,자금
226,금리
227,구매자
228,"사용자,소비자,컨슈머"
229,신체기관장
230,이가빠지다
231,ㅇ
232,"비리,부정"
233,"문득,언뜻"
234,누명
235,내다
236,"인상,오르다,뛰다"
237,"넘어가다,서,저물다,지다"
238,선교사
239,"사용,소비,쓰다,이용"
240,"손목시계,시계"
241,"부끄럽다,부끄러움,수줍다,수치,창피"
242,"왕비,황후,군부"
243,계
244,전도사
245,"사탕,알사탕,캔디"
246,인정
247,"외할아버지,외조부"
248,없어지다
249,"장사,가게,상점,시장"
250,"잔소리,지껄이다"
251,"목소리,음성,발음,목청,언성,부르다"
252,"기침,감기,해수"
253,"구매,구입,쇼핑,매수,매입,사다"
254,어머
255,떠들다
256,미안
257,의
258,"유익,이익,이득,이롭다"
259,"외할머니,외조모"
260,값이오르다
261,"영업,상업"
262,시월
263,수입
264,"수,자수"
265,"비율,백분율,퍼센트,성향"
266,튀니지
267,"면,임시,그러면"
268,"뜨다,동,해돋이"
269,횡재
270,"현금,맞돈,현찰,지폐"
271,"비지땀,땀,땀방울"
272,투자
273,"죄송하다,사과,미안하다"
274,지출
275,잡채
276,재산
277,제거
278,"가루,분말,분"
279,성금
280,싸다
281,보았다
282,잇다
283,감기
284,비다
285,모금
286,여왕
287,"연락,연결,관계,관련,상관,연관"
288,실업
289,실수
290,"부자,자산가,재산가"
291,부유
292,올림픽
293,찾다
294,인라인스케이트
295,"불가능없다,불가능"
296,외손자
297,외손녀
298,본적없다
299,경제
300,"간단하다,간략하다,간편하다,단순,편리,편의"
301,"대비,상왕비"
302,"왕,제왕,황제"
303,"욕심,탐"
304,"계속,연속,이어,내내,면서,지속,끊임없이"
305,단추
306,돼지
307,가치
308,김씨
309,가늘다
310,"납부,납입,지급,지불,내다,결제"
311,"뇌물,뇌물을주다"
312,"보다,시각"
313,대나무
314,"기술,재능,재주"
315,"모금,수금,헌금"
316,"뱉다,침,타액"
317,"수납,보수"
318,신나다
319,이자
320,"고기,가죽,살"
321,용도
322,서해
323,"서쪽,서,서녘,서방"
324,"요금,값,사용료"
325,"시각장애인,맹인"
326,"노력,안간힘,공들이다,애쓰다,힘쓰다"
327,내기
328,대장
329,비싸다
330,"프랑스어,불어"
331,소멸시효
332,"하찮다,보잘것없다"
333,금고
334,유대
335,"고함,비명,아우성,부르짖다,외치다,지르다,소리를지르다,소리치다"
336,"힘들다,벅차다,힘겹다"
337,먼동
338,"환전,환금"
339,"시장,장,매점"
340,"관계없다,막론하다,무관하다,상관없다,상관하지않다"
341,근육
342,"열흘,열흘날"
343,"월급쟁이,봉급생활자,샐러리맨"
344,"넘어가다,대충,무성의하다"
345,전
346,분수
347,출금
348,"값,대금,가격,금액,돈,금전,화폐"
349,돼지고기
350,동해
351,"경악,깜짝,놀라다"
352,"회계,재정,출납,수지"
353,"일출,동,아침,해가돋다"
354,"금융,은행"
355,"기사,기술사,기술자"
356,무상
357,가느다랗다
358,동아시아
359,달인
360,피부
361,"할인,내려가다,내리다"
362,"공,영"
363,"가시다,사라지다,상실"
364,동남아시아
365,ㄹ리없다
366,포도주
367,포도
368,금세
369,"장수,상인"
370,프랑스
371,"프로페셔널,프로"
372,"폭등,급등"
373,궁색
374,"시간,한시간"
375,의리
376,"천,일천"
377,"맞지않다,어울리지않다,적합하지않다,조화롭지않다"
378,"승리,승리하다,이기다"
379,"무조건,무작정"
380,러시아
381,두통
382,남대문
383,브라질
384,미치다
385,매일
386,매일
387,"마찬가지,피장파장,매일반,매한가지"
388,따라다니다
389,"들키다,탄로"
390,척추장애인
391,대명사
392,구어
393,"자각,독각,연각"
394,"강요,강구"
395,창안
396,"내부,안,이내,내용,속"
397,백점
398,아찔하다
399,"더하기,플러스,보태기"
400,"대리,대신,대치,대체,전환,바꾸다"
401,"온도를내리다,온도가내려가다"
402,"위다,나이한살위"
403,알아듣다
404,"재해,피해,해"
405,"시도,해보다,보이다"
406,"하나,일,한번"
407,"혹시,혹,혹여"
408,"끊어지다,다가"
409,"계절,사계,사계절,사철,철,시절,철기"
410,겉
411,핵
412,체험
413,징그럽다
414,"더러,드물다"
415,"카세트,카세트테이프"
416,슬로바키아
417,석사
418,"보증,보장"
419,"절반,반,반절"
420,동대문
421,만나다
422,뇌사
423,의사소통장애
424,졸리다
425,"제기,제기차기"
426,소위계급장
427,"자신,나,저,내"
428,정신이상
429,"복수,원수,적"
430,"살인,살해"
431,신용카드
432,유혹
433,외출
434,"엉덩이,궁둥이,볼기,히프"
435,세종
436,반대
437,"야구,타자"
438,"양초,초"
439,"교육자,교육인"
440,고민
441,"가르치다,가르침,교육,교수하다"
442,보고서
443,"관하다,대하다"
444,바깥
445,사과
446,"철저하다,철두철미"
447,"지옥,나락"
448,깊숙이
449,"미련,어리석다"
450,"결의,결심"
451,땅콩
452,"자기,스스로,자체,혼자,홀로,자발,자신"
453,"일월,정월"
454,ㅝ
455,ㅜ
456,"욕,비난,비방,욕설,흉보다"
457,"시원하다,평화,화평"
458,케이크
459,"광영,영광"
460,"문의,물음,질문,묻다,물어보다,여쭈다,여쭙다,ㅂ니까"
461,"명확하다,정확,똑똑하다,뚜렷하다,명료하다,명백하다,분명하다,선명하다,확실하다,단연,역력하다,장장하다,틀림없이"
462,"명령,분부"
463,"머리,뇌,두뇌"
464,"당근,홍당무"
465,"년,해"
466,"까닭,뜻,명목,의미,이유,이치,뜻하다"
467,운영
468,"아래다,나이한살아래"
469,"선,라인"
470,벌다
471,알아서하다
472,"소외,이탈"
473,"수어,수화,수화언어"
474,그녀
475,그
476,"건너다,횡단,건너다,넘다,넘어가다,침범"
477,"갈다,바꾸다,교대,교체,변경,변동"
478,"놀다,실업"
479,훈화
480,"무능력,무자격"
481,말씀
482,"들어가다,방문하다,입장"
483,미용
484,"수다,늘어놓다,수다스럽다"
485,"아름답다,미"
486,ㅏ
487,"자립,독립,자주독립"
488,잉글랜드
489,"인형,꼭두각시"
490,"이외,기타"
491,ㅡ
492,ㅞ
493,ㅙ
494,ㅘ
495,ㅗ
496,"예쁘다,곱다"
497,"승려,스님"
498,스리랑카
499,"속,내부,안쪽,안"
500,"선두,앞서다,앞장"
501,"빚,빚지다,부채"
502,재활
503,자진
504,포스터
505,밖에
506,"뭉치다,단결,단합"
507,무찌르다
508,뛰어나다
509,"뒤쪽,뒷머리,후방"
510,단언
511,"멍청하다,생각없다"
512,혈압
513,혈기
514,"사진기,찍다,카메라"
515,"일등,으뜸,제일,최고,가장,맨,수석"
516,우승자
517,"그다음,다음"
518,팥
519,"관철,관통,꿰뚫다,알아맞히다"
520,"칼,나이프"
521,"천당,천국"
522,"짜다,소금,간,깐깐하다,까다롭다"
523,어색하다
524,ㅓ
525,코앞
526,장난
527,"장교,군교"
528,추진
529,"추월,앞지르기"
530,"추억,상기,추상,회상,회고"
531,찌르다
532,진노
533,조종
534,층
535,"재빠르다,기미,눈치"
536,잠자코
537,"추리,추론"
538,착하다
539,"일치,동감,동의,공감"
540,인상을쓰다
541,"가담,들어가다,참가,참석,참여,출석,진출"
542,싱겁다
543,부럽다
544,"분석,해석"
545,백만
546,배탈
547,"압류,차압"
548,발견
549,"엑스레이,엑스선"
550,"초등학생,초교생,초등생"
551,초등학교
552,마시는차
553,초등
554,진흙
555,입술
556,삼일절
557,"자연,천연,저절로"
558,자습
559,회견
560,한시
561,독일
562,"처분,시키다,부리다"
563,"당사자,본인"
564,"침착,차분하다"
565,그리스
566,"설,설날"
567,"설,설날"
568,시간분
569,어디
570,보고서
571,"뜻밖에,의외"
572,"뒤떨어지다,뒤지다"
573,"말실수,실언,실구,실어"
574,"말실수,실언,실구,실어"
575,"시키다,지시,하여금"
576,낚다
577,굴구멍
578,"여름,주하"
579,"여기,이곳,이쪽,이거,이것"
580,송년회
581,총무
582,총명
583,"첫째,첫번째"
584,"얼굴,낯,안면"
585,박사
586,연구
587,소방서
588,맛이쓰다
589,일요일
590,소매
591,부정
592,"월경,생리,달거리"
593,"어제,어저께,작일"
594,"어머니,모친,어미,엄마"
595,커피
596,양심
597,양식
598,온도
599,아시아
600,"인상,용모,표정"
601,중국
602,얌체
603,엉뚱하다
604,"작년,지난해,과년,거년,전년"
605,속도계
606,세배
607,"세로,종"
608,세뇌
609,책사전
610,자동
611,자각
612,"봄,양중"
613,반성
614,엄하다
615,"자장면,짜장면"
616,의지
617,절충
618,"코치,지도자"
619,"코미디,희극"
620,그대로
621,외상
622,"왜,어째서"
623,"오다,도래"
624,사병
625,"위하다,러"
626,적십자
627,저혈압
628,정부
629,고추장
630,고추
631,교육청
632,메기
633,"멍하다,멍하니"
634,"교육대학교,교육대학"
635,뜨개질
636,멋쟁이
637,"죽이다,해치다"
638,둘러대다
639,고모
640,"똑똑하다,영리하다"
641,두통
642,"다스리다,통치"
643,간접
644,"결핵,폐결핵,폐병"
645,"깊다,깊숙하다"
646,기념식
647,기념
648,칫솔
649,"어떻게,어찌"
650,이씨
651,"어느,무엇,어떤,무슨,뭐,아무,어디"
652,"어긋나다,엇갈리다"
653,"신청,주문"
654,중학교
655,이발사
656,이발
657,이모
658,이마
659,스웨터
660,윤씨
661,코
662,치약
663,예술
664,"천국,천당"
665,주일
666,"주위,주변,둘레"
667,"겨레,동포"
668,동메달
669,"가을,금추"
670,단위의등
671,고구려
672,계획
673,"간,간장"
674,"각오,결심,작정"
675,가지
676,"겪다,당하다,던,았었,적"
677,딸기
678,"북한,이북"
679,"느끼다,느낌,뉘앙스"
680,뉘우치다
681,"믿다,믿음,신뢰,신용"
682,교회
683,긍정
684,괘씸하다
685,면접
686,면세
687,매니큐어
688,동양
689,계율
690,망신을당하다
691,몽골
692,"스님,승려"
693,"쉽다,용이하다,쉽사리,손쉽다"
694,수술
695,"돌다,미치다"
696,"마치,척하다,체하다,처럼"
697,도깨비
698,높다
699,무의미
700,무안
701,무심
702,"너,네,자네"
703,"내일,명일"
704,보도
705,보다
706,"보고,아뢰다"
707,"든지,든가"
708,"갈증,목마르다,목이타다"
709,닦다
710,"미용실,미용원,미장원"
711,교실
712,교수
713,미용사
714,마음에들다
715,"마음,심리,심정"
716,수레
717,독립문
718,대회
719,대학생
720,"대학교,대학"
721,"빨강,빨갛다,적자,적색"
722,"녹음기,녹음,레코드,카세트"
723,"내외,안팎"
724,"내복,내의,속옷"
725,"말,말하다,언어"
726,목메다
727,독감
728,"독,독하다"
729,신고
730,"신경질,짜증"
731,지렁이
732,"이해,납득,양해"
733,이의
734,시다
735,공감
736,"생각이통하다,동감"
737,"살인범,살해범"
738,선구자
739,왠지
740,왜냐하면
741,말썽
742,"말다툼,언쟁,말싸움,설전,입씨름"
743,목탁
744,"보상금,배상금"
745,"보리쌀,보리"
746,한량
747,새우
748,"대학,대학교"
749,대추
750,"내년,명년,이듬해,다음해"
751,변명
752,불교
753,목
754,모자관계
755,순교
756,돌파
757,서양
758,"서로,상호"
759,신체의눈
760,러시아
761,"복판,가운데,중심,한가운데"
762,"친자,친자식"
763,친권
764,아이스케이크
765,"실업자,실직자"
766,소대장
767,기온이오르다
768,기발하다
769,기념일
770,"참가자,참가인"
771,직면
772,"증,마크,증"
773,"임신,회임"
774,칼국수
775,낚시터
776,"낚시,낚시질"
777,"극복,이겨냄"
778,굴조개
779,"현혹,사로잡히다"
780,"친어머니,생모"
781,"친아버지,생부"
782,"곱,곱하기,곱하다"
783,곰보
784,"나침반,나침판"
785,나오다
786,"나서다,선두,앞서다,앞장,앞장서다"
787,"나쁘다,악,못되다,악하다"
788,꾀다
789,"꾀,계책"
790,탑골공원
791,고춧가루
792,"휴대전화,핸드폰,휴대폰,휴대전화기"
793,대리인
794,증인
795,팔꿈치
796,"수전노,구두쇠"
797,"부모님,부모,양친,어버이"
798,"멋지다,멋"
799,푼
800,"조명,판단"
801,"사관,장교"
802,과학자
803,"혼령,심령,영혼,혼"
804,걸리다
805,"갚다,상환,배상"
806,과학
807,"결손,손해,손실"
808,일월일일
809,제일이다
810,악인
811,"입증,증명"
812,"듯하다,듯싶다"
813,내몰다
814,보증금
815,겉멋
816,희생자
817,"일백,백"
818,원룸
819,안과
820,"발군,빼어나다"
821,내게
822,배후
823,예술가
824,연구실
825,연구소
826,영하
827,"엑스선,엑스레이"
828,"산화,희생"
829,정신
830,적없다
831,띵하다
832,자원봉사자
833,"마이너스,감표,덜기,빼기,빼기표,뺄셈표,뺄셈부호"
834,회개
835,결핵균
836,"상하다,다치다,부상,상처,손상"
837,"소수점,점"
838,세뱃돈
839,미치광이
840,결단
841,"양치질,양치"
842,"가리다,고르다,선별"
843,건전
844,동반자
845,밑지다
846,광
847,"함께,같이,동반,랑,아울러,더불다,끼리"
848,한글지문자
849,한글날
850,한강
851,학년
852,해부
853,"발개지다,붉히다"
854,천명
855,"중화요리,청요리"
856,"적색,붉은색,빨간색"
857,"현기증,어지럼증"
858,"혀,혓바닥"
859,"헬리콥터,헬기"
860,"허식,헛치레"
861,호박
862,협동
863,혈육
864,"혈액형,혈액군,혈형"
865,혈안
866,"허다하다,많다,매우많다"
867,개의
868,"개안,깨닫다"
869,행정고시
870,피해자
871,음식에간을맞추다
872,"겨울옷,동복"
873,돌출
874,독재
875,"글,글자,자"
876,두드러지다
877,"멍청이,멍청하다"
878,"띄다,뜨이다"
879,투명
880,퇴장
881,통하다
882,폐백
883,펜싱
884,탑
885,끊어지다
886,"누설,유출"
887,냉정
888,교차점
889,"관청,관헌"
890,공산당
891,"공박,문초,심문,추궁,캐어묻다"
892,증명서
893,"중학생,중교생,중등생"
894,정책
895,장미꽃
896,통과
897,토마토
898,턱
899,태국
900,파악
901,"피,출혈,혈,혈액"
902,"표창,포상"
903,"그렇다,그러하다"
904,인도공화국
905,"여자를유혹,유혹하다"
906,"서두르다,긴급,독촉,재촉,응급,급하다,시급하다"
907,고무신
908,"호주,오스트레일리아"
909,스위스
910,의성어
911,"오디오,듣다,소식,청각"
912,충치
913,백혈병
914,간호사
915,강도
916,밝히다
917,"슬기롭다,슬기,지혜,현명"
918,"가령,만약"
919,"수갑,체포,쇠고랑"
920,"노랑,노랗다,누렇다"
921,"서대문,돈의문"
922,"커닝,부정행위"
923,사이다
924,안개
925,떡
926,뉴스
927,"남자를유혹,유혹하다"
928,"절도,도둑,도적,훔치다"
929,"들키다,발각"
930,설렁탕
931,마스크
932,백조
933,"소란,소요,소음,야단,요란,시끄럽다"
934,"절약,검약"
935,민주
936,황해
937,백화
938,조르다
939,양
940,여행
941,"입,이론"
942,사립
943,신부
944,"사정,정액"
945,"연수,수련"
946,"얼음,얼음장"
947,코뿔소
948,"정신차리다,가다듬다"
949,정보
950,"물음표,미지수,설마"
951,경고
952,두부
953,구름
954,은메달
955,은
956,스캐너
957,참외
958,"멧돼지,산돼지"
959,"교과서,교본"
960,견인
961,멸치
962,떡국
963,가짜
964,"구급차,응급차,앰뷸런스"
965,면도
966,매
967,돈벌이
968,마주치다
969,수상하다
970,"듣다,소리,소식,청각"
971,"가발,덧머리"
972,"생각,견해,사고,신경,의견,의사,의식,여기다"
973,"더럽다,때,불결,지저분하다"
974,붕대
975,목자
976,창백하다
977,"협박,할뻔하다"
978,"수리,독수리"
979,파리하다
980,목적
981,무
982,눈이내리다
983,청각장애인
984,"백지,용지,종이"
985,"초문,금시초문"
986,"쇼크,충격"
987,"정신적장애,정신장애"
988,"거짓,허위"
989,나그네
990,"끈기,끈덕지다,끈질기다"
991,"황금,금"
992,절도죄
993,절도범
994,치과의사
995,"공책,노트"
996,"개인,사"
997,금메달
998,힌두교
999,"노란색,황색"
1000,장어
1001,개나리
1002,여행지
1003,여행사
1004,청자
1005,"백,하양,하얗다,허옇다,희다,백색,흰색,치아,이,이빨"
1006,여행자
1007,"이론,논하다,설"
1008,목적지
1009,"학원,배움터"
1010,강습
1011,"마르다,야위다,여위다,수척하다"
1012,"은빛,은색"
1013,갈다
1014,황해도
1015,관광객
1016,강습소
1017,표어
1018,허풍
1019,"현행범,현행범인"
1020,"금가락지,금반지"
1021,"금색,황금색,골드색"
1022,잠그다
1023,웨딩드레스
1024,항복
1025,"십육,열여섯"
1026,십만
1027,고집
1028,"열하나,십일"
1029,십일월
1030,"십,열"
1031,간음
1032,"집요하다,끈덕지다"
1033,연맹
1034,엿
1035,서대문
1036,자르다
1037,미국
1038,멕시코
1039,"둘,이"
1040,수면제
1041,자동차에승차
1042,버스에승차
1043,"나체의맨몸,나체,알몸"
1044,ㅠ
1045,ㄷ
1046,이단
1047,ㄸ
1048,"드러눕다,누이다,눕다,눕히다"
1049,"소경,맹인,장님,시각장애인"
1050,"배회,방황,돌아다니다,헤매다"
1051,입장
1052,다람쥐
1053,이월
1054,"미군,미국군"
1055,"기상,일어나다,일어서다,서다,독립"
1056,둘중어느것
1057,"떨다,떨리다,떨림"
1058,"둘,이"
1059,"되돌아오다,돌아오다,귀환"
1060,ㅆ
1061,인도네시아
1062,"이틀,이틀후"
1063,"의자,걸상"
1064,ㅛ
1065,ㅕ
1066,"실명,맹"
1067,"승강기,엘리베이터"
1068,슬로베니아
1069,ㅅ
1070,북아일랜드
1071,"정류장,승차장,정거장,정류소"
1072,페루
1073,"피차,둘이"
1074,리투아니아
1075,"되돌아가다,돌아가다"
1076,ㅑ
1077,"돌아서다,갈다,교체하다,대체하다"
1078,"찌푸리다,근심"
1079,"재작년,거거년,전전년,전전해,지지난해,재작년도"
1080,"좌석,자리"
1081,출마
1082,세미나
1083,"쌓다,쌓이다"
1084,첩
1085,"착각,착오"
1086,"읽다,읽기"
1087,오스트리아
1088,"배,갑절,곱,곱절"
1089,승천
1090,"외롭다,고독,쓸쓸하다"
1091,"모레,내일모레,이틀,이틀후"
1092,"맹학교,맹인학교"
1093,"둘째,두번째"
1094,"간첩,스파이,첩자"
1095,겸하다
1096,신체의다리
1097,"절다,절룩거리다,절름거리다"
1098,"인천,인천시"
1099,중위
1100,전폐
1101,스키
1102,"등호,등표"
1103,등산
1104,"가위,가위질"
1105,"국수,면"
1106,달러
1107,"광화문,우물"
1108,"넘어지다,쓰러지다"
1109,베트남
1110,베네수엘라
1111,마주보다
1112,뛰다
1113,다이빙
1114,"내리다,하차"
1115,"말,승마"
1116,수영
1117,침대
1118,젓가락
1119,말을바꾸다
1120,보행자
1121,도서관
1122,서자
1123,"무조건,봐주지않다,넘어가지않다"
1124,이천
1125,이등
1126,수영장
1127,대
1128,"그저께,그제"
1129,"탑승,오르다,올라서다,올라타다,타다"
1130,비전
1131,"주무시다,자다,잠들다,잠자다"
1132,"쌍생아,쌍둥이"
1133,"눈길,시선,바라보다,응시하다,쳐다보다"
1134,눈감아주다
1135,"걷다,걸음,도보,보행"
1136,"남대문,교량,육교,다리"
1137,"입석,서다"
1138,경마장
1139,두사람
1140,"곤두박질,곤두질,떨어지다"
1141,"미움,미워하다,밉다,얄밉다"
1142,절름발이
1143,"허리띠,벨트"
1144,형사
1145,격일
1146,"두절,끊어지다"
1147,"등산가,산악인"
1148,포경수술
1149,편집
1150,지체장애인
1151,토끼
1152,"익숙하다,능숙하다,숙달"
1153,"보험료,보험금"
1154,호흡
1155,사우디아라비아
1156,뉴질랜드
1157,"교사,교원,사범,선생,스승,교직자"
1158,"와,과,하고"
1159,냄새
1160,분하다
1161,노르웨이
1162,시시하다
1163,어리다
1164,콧물
1165,유치하다
1166,"저축,예금,적금"
1167,"굉장하다,심하다,심각하다"
1168,"어처구니없다,기막히다,어이없다,억울하다"
1169,"의심,의회"
1170,"비교,비례,견주다,대다"
1171,모욕
1172,"대피,도망,도주,도피,줄행랑,탈출,내빼다,달아나다,도망가다,도망치다,빠져나가다"
1173,"판매,매각,매출,팔다"
1174,"마침,딱맞다,알맞다"
1175,만화가
1176,"하야,사임"
1177,매출액
1178,쿠웨이트
1179,장기
1180,잠수함
1181,원숭이
1182,차려
1183,우체국
1184,"향기롭다,향,향기,향내,향취"
1185,때리다
1186,"피의자,용의자"
1187,초밥
1188,"방심,부주의"
1189,바티칸시
1190,우루과이
1191,부엌
1192,신사
1193,열중쉬어
1194,요리사
1195,요리
1196,시리아
1197,반창고
1198,"심호흡,호흡,공기,냄새,대기,목숨,생명,수,수명,숨,숨결,숨쉬다"
1199,절친하다
1200,"금주,술을끊다"
1201,금연
1202,모독
1203,명함
1204,가마
1205,스케이트
1206,친밀하다
1207,들이쉬다
1208,단짝
1209,기적
1210,딱맞다
1211,"담배,흡연"
1212,"술집,주점"
1213,"술,알코올"
1214,마중
1215,설계
1216,"비닐,플라스틱"
1217,몸살
1218,"마술,요술"
1219,선물
1220,만화
1221,"석유,기름"
1222,찹쌀
1223,안주
1224,설계사
1225,벽돌
1226,"피난처,피난소"
1227,소매치기
1228,시설물다리
1229,"감추다,숨다,은닉"
1230,나이지리아
1231,"국제연합,유엔"
1232,"살리다,소생,회생"
1233,호흡곤란
1234,"비닐하우스,비닐온실"
1235,"샘,샘내다,시기,질투"
1236,꼬다
1237,"기차역,역"
1238,존재가없다
1239,"반려,짝,함께,과,쌍"
1240,삐다
1241,"기차표,열차표"
1242,은신처
1243,만화책
1244,환기
1245,"교무실,교원실,서무실"
1246,"지위,앉다"
1247,"점원,판매자,판매원,판매인,세일즈맨"
1248,헌병
1249,폐지
1250,"편지,서신,우편"
1251,"끈,줄,테이프,로프,케이블"
1252,"이발소,이발관"
1253,벽에생기는균열
1254,"바닥나다,비다,비우다"
1255,"유리,거울"
1256,"그릇되다,틀리다"
1257,"삼,인삼"
1258,도미니카
1259,박씨
1260,접시
1261,고려
1262,강화도
1263,밀접하다
1264,"쏘다,대포,발사,포"
1265,소금
1266,십이월
1267,형제
1268,"십이,열둘"
1269,"오누이,남매"
1270,산악
1271,포격
1272,포병
1273,추기경
1274,지체장애
1275,"장갑차,장갑차량"
1276,"산,메,뫼"
1277,차남
1278,"성탄,성탄절,크리스마스"
1279,올케
1280,"오후,점심후"
1281,"오전,상오"
1282,"오빠,오라버니"
1283,"열두시,정오"
1284,동생
1285,"맏아들,장남"
1286,"오후,하오"
1287,오전
1288,"골짜기,산골,산골짜기"
1289,남동생
1290,"연말,세밑"
1291,짬뽕
1292,형수
1293,"형,형님"
1294,병원
1295,ㅁ
1296,"점검,감사,감시,감찰,검토,검사,수사,사찰,조사,살펴보다,살피다"
1297,"찬송가,찬송"
1298,교통
1299,버스
1300,단속
1301,"악취,나쁜냄새"
1302,"기업,회사,사"
1303,"병원,의원"
1304,경비실
1305,한의사
1306,"발신,송신,전보,전신"
1307,"관리인,관리자"
1308,정찰병
1309,"경비,보초,수위,파수,지키다"
1310,"감독관,감독자"
1311,"소나무,솔"
1312,센터
1313,배신하다
1314,제정
1315,입원
1316,입사
1317,"방법,요령,방식"
1318,성악가
1319,유도
1320,의사
1321,교통비
1322,"이십,스물"
1323,"케이블카,케이블"
1324,검사
1325,교통사고
1326,"돌보다,보살피다,보살핌"
1327,"법,법규,법률,법칙"
1328,"몸부림,발버둥질"
1329,보관
1330,가수
1331,농담
1332,송편
1333,"맥박,맥"
1334,건빵
1335,불법
1336,"노래,음악,가요"
1337,"탄핵,뽑다"
1338,보호수당
1339,관리비
1340,한의원
1341,감리교
1342,"감독,감수"
1343,"꿇다,무릎을꿇다"
1344,"홀쭉하다,홀쭉이"
1345,"하릴없다,어쩔수없다"
1346,"진단,진료,진찰,검진"
1347,"관리,관리하다"
1348,"회장,사장"
1349,"성교,성행위"
1350,회사원
1351,법무
1352,"아마도,아마,ㄹ것이다"
1353,작곡가
1354,"경비원,파수꾼"
1355,"경비병,병위"
1356,"일석이조,일거양득,이중,중복"
1357,"규약,규율,규칙,조항"
1358,보관소
1359,한약
1360,"찻삯,차비"
1361,검문소
1362,퇴원
1363,"기생,더부살이"
1364,"이론,쓰다"
1365,"삼,셋"
1366,삼촌
1367,"삼,셋"
1368,사흘
1369,온천
1370,삼월
1371,ㄹ
1372,서울역
1373,인디언
1374,밭
1375,경기도
1376,농장
1377,"농사,농사일,농업"
1378,"농부,농군,농민"
1379,"서울,서울시"
1380,대위
1381,윈도즈
1382,그끄저께
1383,"셋째,세번째"
1384,스파게티
1385,글피
1386,삼겹살
1387,"생도,사관생도,사관,사관생"
1388,와인
1389,ㅌ
1390,멕시코
1391,스카우트
1392,"십삼,열셋"
1393,"삼십,서른"
1394,"광주,광주시"
1395,"밀리미터,밀리"
1396,모르몬교
1397,미터
1398,"넷,사"
1399,사월
1400,"넷,사"
1401,"타결,합의"
1402,"갈비,늑골,갈비뼈"
1403,나흘
1404,"석방,방면"
1405,사촌
1406,소령
1407,"영수증,수표"
1408,조립
1409,병장
1410,"교도소,감옥,형무소"
1411,죄수
1412,"갈비찜,갈비탕"
1413,상사
1414,하사
1415,중사
1416,"감옥,옥"
1417,병동
1418,면역
1419,반신반의
1420,"개성,개경"
1421,"당사자,본인"
1422,완쾌
1423,"난청인,난청자"
1424,난청
1425,"사실,정말,진짜,참,맞다,정말로"
1426,이라크
1427,ㅃ
1428,ㅂ
1429,정장
1430,쿠바
1431,"질병,병,병환,질환,앓다"
1432,치료
1433,"곧다,단정하다,똑바르다,바르다,반듯하다,올바르다,점잖다,똑바르다,올곧다,정하다"
1434,"상자,박스"
1435,상어
1436,"보라,보라색"
1437,"진실,참"
1438,실험해보다
1439,포장
1440,"당연하다,마땅하다,응당하다"
1441,바로
1442,정답
1443,"열다,개방"
1444,방학
1445,참기름
1446,결석
1447,브라질
1448,"병자,환자"
1449,"병석,병상"
1450,병가
1451,"낫다,치유"
1452,벨기에
1453,"폐쇄,닫다"
1454,"실제,실정,실태,현실"
1455,"보라,보라색"
1456,"간호,문병,병간호,병문안"
1457,"형편없다,보잘것없다"
1458,"개막식,개식"
1459,"정돈,정리"
1460,"십사,열넷"
1461,격주
1462,에콰도르
1463,엘살바도르
1464,ㅍ
1465,"사십,마흔"
1466,"유럽연합,이유"
1467,로또복권
1468,"구주,유럽"
1469,장관
1470,극복
1471,"낙오,뒤지다"
1472,"희망,소망"
1473,남색
1474,불상
1475,"경전,경장"
1476,여드름
1477,대항하다
1478,희롱
1479,씨름
1480,"남성,남"
1481,"시합,경기"
1482,수단
1483,부회장
1484,"범죄,죄"
1485,레슬링
1486,"조롱,우롱"
1487,중령
1488,예식장
1489,인도공화국
1490,"심판,재판,사법"
1491,"겨루다,겨루기,경쟁,고사,고시,수험,승부,시합,시험"
1492,"논의,상담,상의,의논"
1493,"정진,꾸준하다,부지런하다"
1494,"근면,열성,열심,꾸준하다,부지런하다"
1495,"임자,주인,주체"
1496,부딪히다
1497,"막내아들,막내"
1498,리모컨
1499,"다섯,오"
1500,"남자,남,남성,사나이"
1501,아이슬란드
1502,오월
1503,"실격,떨어지다,지다,패배하다,패하다"
1504,"섬기다,존경,님"
1505,"삭제,고무,고무지우개,지우다"
1506,"범인,죄인"
1507,"통역,매개,변호,소개"
1508,"프라이드,자존심,긍지"
1509,"참다,견디다,인내,자제,억제"
1510,"밤색,칡"
1511,"무쇠,쇠,철"
1512,"뒤따르다,수행,따라가다,따르다,좇다,쫓다,쫓아가다"
1513,캐나다
1514,출장
1515,"초대,객,고객,내빈,손님,초빙"
1516,"체념,기권,포기,그만둠"
1517,"담그다,잠기다"
1518,"해내다,이기다,승,승리,낫다,좋다"
1519,조직의장
1520,찍다
1521,조카
1522,취임
1523,"가난,곤궁,궁핍,빈곤"
1524,콩나물
1525,"경멸,깔보다,멸시,업신여기다"
1526,"결과,결말,마지막,최종,최후,결국,드디어,마침내"
1527,ㅎ
1528,성공
1529,불경
1530,"사춘기,청춘기"
1531,"부부,내외,부처"
1532,"부러지다,고장나다"
1533,장로교
1534,장로
1535,"졸업,수료"
1536,"자손,후손"
1537,"수저,숟가락"
1538,"절대,절대로,한사코"
1539,"남녀,암수,자웅"
1540,시가
1541,버튼
1542,바늘
1543,차장
1544,부처님
1545,방문
1546,소송
1547,소문
1548,우상
1549,부여
1550,이란
1551,아들
1552,"인사,경례"
1553,정력
1554,"외투,겉옷"
1555,시동생
1556,"유명,지명"
1557,"볼펜,펜"
1558,연애
1559,실패
1560,오뚝이
1561,모순
1562,메달
1563,"죽다,돌아가다,사거,사망,서거,숨지다,죽음,임종"
1564,고무
1565,"결혼식,혼례,혼례식"
1566,"결혼,혼인,화혼"
1567,"간부,위원"
1568,"충고,조언"
1569,"미남,미남자"
1570,미사
1571,콩
1572,콜라
1573,"절교,단교"
1574,"시아버지,시부"
1575,"이기다,승리,승리하다,경쟁상대를제치다"
1576,주어
1577,"며느리,아가,자부"
1578,"동행,동반"
1579,"동전,주화"
1580,"남편,배우자,서방"
1581,"법원,재판소"
1582,"선조,조상"
1583,냄비
1584,"깨다,깨뜨리다,파괴,파손"
1585,"기말시험,기말고사"
1586,"대결,대립"
1587,천하다
1588,이혼
1589,시누이
1590,명소
1591,시아주버니
1592,시부모
1593,선수촌
1594,집행관
1595,집행
1596,"시모,시어머니"
1597,"시댁,시집"
1598,"새치기,옆치기"
1599,"도장,스탬프,인,인장"
1600,대표
1601,빈민
1602,변호사
1603,비서
1604,맞벌이
1605,"수행원,수행인"
1606,명인
1607,콩가루
1608,콧방귀
1609,헛소문
1610,"갓난아기,갓난아이,아기,영아,젖먹이"
1611,"과부,홀어머니,홀어미"
1612,꽹과리
1613,개회
1614,이송
1615,"판정,판결"
1616,부활절
1617,통역사
1618,"패자,패배자"
1619,"법정,재판정"
1620,"남녀평등,양성평등"
1621,"성폭행,강간"
1622,갈색
1623,"후계자,후계인"
1624,가난뱅이
1625,자음
1626,"넘어가다,빠지다"
1627,"세대,후대,대"
1628,"승자,승리자"
1629,돌아서다
1630,"고인,사망자,죽은자사자"
1631,고무줄
1632,경기장
1633,방문자
1634,환경부
1635,"ㅂ시다,자"
1636,"독자,외동아들,외아들"
1637,닷새
1638,회의
1639,"종신,생애,일생,평생,필생,한평생"
1640,철부지
1641,환경
1642,"화나다,노여움,노엽다,노하다,성나다,성내다,화내다"
1643,판결의공시
1644,판결의경정
1645,"라이벌,맞수"
1646,"거지,걸인"
1647,통조림
1648,폐회
1649,"자식,자녀"
1650,졸업장
1651,졸업식
1652,"잘하다,좋다"
1653,무당
1654,"문자,글자"
1655,싱가포르
1656,타악기북
1657,고양이
1658,"주식,증권"
1659,뱀
1660,"면목이없다,비겁하다"
1661,"오십,쉰"
1662,로마
1663,"들,여러,여러가지"
1664,"경상남도,경남"
1665,프랑스
1666,사격
1667,스페인
1668,동해
1669,형용사
1670,의태어
1671,유월
1672,"육,여섯"
1673,"날마다,나날,매번,매일,수시,일상,늘,매양,번번이,언제나,항상"
1674,ㄴ
1675,"온갖,가지가지,갖가지,여러가지"
1676,지연
1677,"소고기,쇠고기,쇠가죽,피혁"
1678,"남,남녘,남쪽,남방"
1679,"보지,음부,치부"
1680,"저녁,일석"
1681,"기회,찬스"
1682,기간
1683,ㄲ
1684,"아니다,아니"
1685,"시간시,시간"
1686,"확장,넓힘"
1687,"형형색색,가지각색,각양각색"
1688,용접
1689,"승부차기,페널티킥"
1690,"모습,꼴,모양,상태,상황,장면,형상,형용,형태"
1691,현충일
1692,해장국
1693,"판이하다,다르다"
1694,탄자니아
1695,명예훼손
1696,치마
1697,"주민,거주민"
1698,"동쪽,동,동녘,동방"
1699,ㄱ
1700,"하루,온종일,종일,하루종일,진종일,진일"
1701,소
1702,불고기
1703,"부산,부산시"
1704,"백모,큰어머니"
1705,"시간시,시간"
1706,"날짜,언제,날,일자"
1707,"생활비,생계비"
1708,총을쏘는사수
1709,"살다,삶,생활"
1710,부인
1711,월요일
1712,세월
1713,사방위북
1714,"맵시,태"
1715,"증가,늘어나다"
1716,주인공
1717,주유소
1718,구두
1719,"숲,녹음,삼림,수림,수풀,무성하다,울창하다"
1720,보내다
1721,대령
1722,"늘다,늘이다,늘리다"
1723,"늑대,이리"
1724,대학원
1725,목요일
1726,목사
1727,"백부,큰아버지"
1728,"크다,꽤,매우,몹시,무척,아주,대,대단히"
1729,룩셈부르크
1730,"대전,대전시"
1731,"불어,프랑스어"
1732,노아
1733,"호모,게이"
1734,큰형
1735,큰언니
1736,사진전공자
1737,사진사
1738,대법원
1739,"날,해"
1740,"기쁨,기쁘다"
1741,큰집
1742,"나무,수목"
1743,"권총,총,당기다,쏘다"
1744,미흡
1745,총을쏘는사수
1746,"엘에이,로스앤젤레스"
1747,"아빠,부,부친,아비,아버지"
1748,거처
1749,거주지
1750,레몬
1751,필름
1752,"조절,조정"
1753,"줄이다,감소,절감,축소,줄다"
1754,"열다섯,십오"
1755,"못하다,할수없다"
1756,"보름,보름날,삼오"
1757,광복절
1758,꽉차다
1759,"싫다,거부,거절,난색"
1760,"된소리,경음"
1761,관형사
1762,"제사,제"
1763,"동사무소,동주민센터"
1764,"지긋지긋,지겹다"
1765,"싫다,싫어하다"
1766,습기
1767,제화
1768,"일반,대개,보통,평범하다"
1769,"구역,지역,구"
1770,물
1771,"논,답"
1772,"연못,못,호수"
1773,카드
1774,잠수
1775,"강하다,견고하다,굳다,단단하다,딱딱하다,공고하다,세다,억세다"
1776,강
1777,"감투,관"
1778,보청기
1779,상식
1780,속다
1781,두껍다
1782,"기독교,예수교"
1783,"완장,팔띠"
1784,"예사,예삿일"
1785,"챔피언,우승자"
1786,안경
1787,기관지
1788,"교파,종파"
1789,"비,강우,비가내리다"
1790,국
1791,"선언,천명"
1792,"수원,수원시"
1793,수요일
1794,"알맞다,적정,적당하다,적절하다"
1795,이탈리아
1796,거부권
1797,"평상,평상시,평소"
1798,네팔
1799,"나누기,나눗셈,제하기"
1800,수재민
1801,건조
1802,일상생활
1803,내구
1804,"승차권,차표,표"
1805,"수증기,증기"
1806,"더,게다가,더구나,추가,더욱,더군다나"
1807,"수분,습하다,물기"
1808,물약
1809,매표소
1810,"교차로,사거리"
1811,"평일,평상일"
1812,"공중,민간,서민,일반인"
1813,임원
1814,"튀르키예공화국약칭튀르키예,터키"
1815,파도
1816,만두
1817,"뽑다,당선,입선,선출"
1818,어휘
1819,명사
1820,"구원,구출,구하다,건지다,채용"
1821,로그인
1822,"대략,대강,대충,약"
1823,원피스
1824,"곧,금명간,신속,이르다,냉큼,빨리,속히,썩,어서,얼른,이내,일찍,일찍이,자"
1825,등기
1826,"선택,뽑다,선발,선출,택하다"
1827,"일본,왜국"
1828,명예
1829,"단어,낱말"
1830,"날쌔다,민첩하다,빠르다"
1831,"마찬가지,같다,동일,맞다,동,똑같다"
1832,"똑같다,똑닮다,같다,다하다,더없다,마치다,동일하다,말다했어"
1833,우간다
1834,"모자라다,결손,결핍,부족,모자람"
1835,만
1836,동족
1837,동거인
1838,"추석,한가위,추석날,팔월대보름"
1839,"일본,왜국"
1840,인기
1841,가나
1842,출석부
1843,"그만하다,일관,여전하다,한결같다,그저,일관성이있다,전과똑같다"
1844,반찬
1845,"아득하다,요연하다"
1846,소주
1847,"지저귀다,주둥이,부리"
1848,모세
1849,고속도로
1850,명찰
1851,다물다
1852,"일부,일부분,부분"
1853,"이름,명,성명,성함"
1854,스위스
1855,"주제,제목"
1856,"가시,날카롭다,뾰족하다,예리하다,예민하다"
1857,"급행,고속"
1858,"미싱,봉제,재봉"
1859,불면
1860,유지
1861,새
1862,"동경,도쿄"
1863,지방장애인복지위원회
1864,지방자치단체
1865,눈을감다
1866,"태자,왕자,황태자"
1867,칭호공주
1868,귀
1869,"일식,화식,일본요리"
1870,아카시아꽃
1871,"아카시아,아까시나무"
1872,머리핀
1873,일본인
1874,"대궐,고궁,궁,궁궐,궁전"
1875,"맞다,딱"
1876,"가락지,반지"
1877,"깜박대다,깜박거리다,깜박깜박하다"
1878,"당선자,당선인"
1879,"종족,부족"
1880,헝가리
1881,"대다수,대부분,주로"
1882,기입
1883,"일본어,일어"
1884,지원자
1885,유추
1886,팬티
1887,"내키다,싶다,원하다,바라다,소원,바람,욕구,염원,원"
1888,"균일,동일,골고루,일제히"
1889,"육십,예순"
1890,통신중계
1891,주년
1892,배달
1893,신문배달원
1894,"깨,세부,정밀,상세하다,세밀하다,자세하다,찬찬하다,치밀하다,샅샅이,꼼꼼"
1895,드럼
1896,우크라이나
1897,가스불을켜다
1898,팀
1899,케냐
1900,풀을베다
1901,부채
1902,"모자를쓰다,모자를쓰다"
1903,"열쇠,키"
1904,스페인
1905,"티셔츠,티"
1906,기저귀
1907,드라마
1908,"돋보기,확대경"
1909,"텔레비전,티브이"
1910,택시
1911,영국
1912,포르투갈
1913,"일곱,칠"
1914,"고,옛"
1915,과테말라
1916,ㅈ
1917,"맹세,맹서"
1918,ㅉ
1919,"잡지,잡지책"
1920,잠자리
1921,주간
1922,종교
1923,"사업,비즈니스"
1924,집사
1925,주님
1926,"일주일,이레"
1927,영어
1928,시비
1929,요르단
1930,칠월
1931,자격
1932,촬영
1933,준장
1934,"지금,갓,이제,인제,현재,시방"
1935,주차
1936,경찰서
1937,"경찰관,경관,경찰"
1938,"경찰,순경,순사"
1939,"기차,기관차,열차"
1940,덴마크
1941,"내주,다음주,차주,후주"
1942,구약
1943,매주
1944,런던
1945,무지개
1946,"공장,사업"
1947,"예전,옛날,옛적"
1948,공장장
1949,발전소
1950,"방뇨,소변,오줌"
1951,자격증
1952,주차장
1953,"지난주,작주,전주"
1954,"승강장,플랫폼"
1955,조합
1956,협회
1957,푸에르토리코
1958,파라과이
1959,제곱킬로미터
1960,킬로
1961,"고속철도,고속철"
1962,킬로미터
1963,킬로그램
1964,"케이오,녹아웃"
1965,피자
1966,필리핀
1967,ㅋ
1968,"십칠,열일곱"
1969,장애인
1970,최씨
1971,장애인지역사회재활시설
1972,장애아동수당
1973,"불구,장애"
1974,장애수당
1975,장애인직업재활시설
1976,장애인복지시설
1977,장애인복지단체협의회
1978,장애인보조견
1979,장애인등에대한특수교육법
1980,장애인기능경기대회
1981,방귀
1982,"똥,대변"
1983,항문
1984,"지하철,전철"
1985,"주사,접종"
1986,"공,볼"
1987,문제
1988,니카라과
1989,"전철역,지하철역"
1990,파
1991,배신당하다
1992,쥐
1993,노려보다
1994,지름길
1995,"골목,골목길"
1996,"일흔,칠십"
1997,"쥐색,회색"
1998,"칠순,고희"
1999,가동
2000,평양
2001,평안북도
2002,평안남도
2003,전송
2004,"갑자기,갑작스럽다,별안간,갑작스레"
2005,내쉬다
2006,아르메니아
2007,"발송,보내다,편지등을부치다"
2008,복습
2009,"반복,거듭,수시로,자꾸,자주,잦다,여러번,연거푸"
2010,"사슴,순록"
2011,"또,그리고,다시"
2012,용
2013,벼락
2014,철학
2015,인공와우
2016,"치매,치매증"
2017,"여덟,팔"
2018,팔월
2019,ㅊ
2020,철학자
2021,"열여덟,십팔"
2022,"팔십,여든"
2023,미수연
2024,배부르다
2025,"시작,개시,개최,거행,시발,착수,출발,열다,이행,하수"
2026,"참다,견디다,인내,자제,억제"
2027,지하
2028,"비교,견주다,대조"
2029,헌금
2030,"퇴학,퇴교"
2031,"절반,반절"
2032,필리핀
2033,오락가락
2034,받다
2035,바닥
2036,고층
2037,갚았다
2038,전세
2039,"한국어,한국말,국어"
2040,외래어
2041,"ㅂ니다,습니다"
2042,"높임법,경어법"
2043,"높임말,존경어,존대어,존댓말,존칭어"
2044,"과거,전,지나다"
2045,공중
2046,"제사,제"
2047,프린터
2048,인쇄
2049,폐
2050,영양사
2051,연고
2052,복부
2053,도우미
2054,"해약,해지"
2055,"넘기다,다음으로넘어가다"
2056,허무
2057,아일랜드
2058,"맞바꾸다,교환하다,바꾸다"
2059,"뒤엎다,뒤집어엎다,그러나,그런데,그렇지만,하지만"
2060,"두근거리다,불안,설레다,울렁거리다,조마조마하다,두근두근"
2061,이중
2062,세차
2063,"빗자루,비,쓸다"
2064,벽
2065,"푹,안식,편안,평안,편하다,안정,안심"
2066,"엉망,엉터리"
2067,"훈민정음,한글,한국말"
2068,미니스커트
2069,"놀이,놀다"
2070,논하다
2071,후원
2072,"화려하다,호화,기미하다,여미하다,화미하다,빛나다"
2073,"헛일,허사,허탕,헛되다"
2074,"무너지다,내려앉다"
2075,"자라왔다,자라다"
2076,"결백,깔끔하다,깨끗하다,말끔하다,산뜻하다,소박하다,순결,순수,정결,청결"
2077,"가르다,나누다,구별,구분,분류,분별,분할,유별"
2078,"가능,할수있다"
2079,"초과,지나치다"
2080,"하늘,개다"
2081,"손,맨손"
2082,"새우다,철야,밤샘,밤새우다"
2083,"봉사,공양,기증,제출,드리다,바치다"
2084,"낮다,비하"
2085,한국농아인협회
2086,"일치,대응,맞추다"
2087,전주
2088,"양분,영양,영양분,자양분"
2089,"왼쪽,좌측,좌,왼편,좌편"
2090,"울산,울산시"
2091,"반,학급"
2092,"박수,박자,손뼉"
2093,아깝다
2094,"이슬람교,회교"
2095,"절,참배,큰절"
2096,"금주,이번주,금주일"
2097,모르다
2098,접다
2099,"전라북도,전북"
2100,"교복,학생복"
2101,"그만,금지,그만두다,금하다,말다,하지마"
2102,바둑
2103,자메이카
2104,원산
2105,주고받다
2106,당신
2107,기도
2108,칭찬
2109,교감
2110,김치
2111,가다
2112,"식탁,밥상,진짓상"
2113,잠비아
2114,"포옹,품,껴안다,끌어안다,안다,품다"
2115,"계승,승계"
2116,"다급하다,성급하다,조급하다,급급하다,바쁘다,급조하다,변급하다"
2117,"낮,대낮,백주,밝다,새다,트다,환하다,훤하다,개다"
2118,"날다,새"
2119,"나,내,제,자기"
2120,"근로,근무,노동,일,작업"
2121,"귀하다,존귀"
2122,안보이다
2123,"오너라,오라,부르다"
2124,얻어맞다
2125,"변덕스럽다,변덕"
2126,바르다
2127,"부랴부랴,허겁지겁,허둥거리다,허둥대다"
2128,"과,전공"
2129,"아홉,구"
2130,"부르다,소환,호출"
2131,끝내다
2132,"밤,어둡다,껌껌하다,어둠,깜깜하다,캄캄하다"
2133,"기원,빌다"
2134,"건립,설립,수립,세우다"
2135,"거저,공것,공짜,무료,면제,면하다"
2136,"가득,차다,가득히"
2137,흥분
2138,"매진,고갈,소모,동나다,매진되다,바닥나다,없애다,다팔리다"
2139,농아
2140,"넓다,너르다,널찍하다"
2141,남산
2142,"농인,농아인"
2143,"가산,가재"
2144,가볍다
2145,구월
2146,"용감하다,용기"
2147,시설
2148,스타일
2149,숙청
2150,"잔디,풀"
2151,"학적부,생활부,생활기록부"
2152,"골몰,전념,집중,골똘하다"
2153,배부
2154,"발표,광고,표시,표현,나타내다,드러내다"
2155,"발전,발달,번영,진흥,향상"
2156,"모르는척하다,시치미떼다"
2157,"무관심,내외,외면"
2158,"먹다,식사"
2159,"맡기다,소장,놓다,놓아두다,두다"
2160,"만큼,어치,정도,쯤"
2161,"빠르게달리다,뛰다"
2162,"동네,마을"
2163,"대한민국,한국"
2164,"뒤적이다,들추다,캐다"
2165,"할머니,조모"
2166,"발걸음,발자국,밟다,걸음"
2167,지식인
2168,화장
2169,"먹구름,먹장구름"
2170,"꼬시다,유인,유도"
2171,"고의,일부러"
2172,잔디밭
2173,"외국인,이방인"
2174,체코
2175,"지각,지체,늦다,굼뜨다,느리다,더디다,천천하다,서서히"
2176,"차이,갭"
2177,"없다,비다"
2178,"맨몸,가진것이없다"
2179,마저
2180,"체중,몸무게"
2181,체온
2182,직접
2183,조수
2184,"잘하다,잘"
2185,"잘못,못하다"
2186,"청주,청주시"
2187,주부
2188,청와대
2189,청소년
2190,"올해,금년,당년,올"
2191,"이전,이사,전출"
2192,"격퇴,물리치다,퇴치"
2193,거래
2194,"감정,기분,정서"
2195,"가만히,조용하다"
2196,"가꾸다,기르다,배양,양성,양육,육성,키우다"
2197,"한국,대한민국"
2198,프린트
2199,"사진,찍다"
2200,배추
2201,배짱
2202,지식
2203,"제자,모나코,사도,도제"
2204,"춘천,춘천시"
2205,"진보,향상"
2206,"종류,가지,종목,종,다각,다각도"
2207,"공간이좁다,비좁다"
2208,잎
2209,"입학,취학,입교"
2210,"싶다,갈급"
2211,"당사자,본인"
2212,낙선
2213,나무를베다
2214,"쌓다,차곡차곡"
2215,"그만,끝,까지,종결,종료,끝나다,마치다"
2216,"때리다,손찌검,패다,후려치다"
2217,"절대,공,공공,결코,절대로"
2218,"탁자,테이블"
2219,"귀중하다,중요,막중하다,소중하다"
2220,공약
2221,"신체적장애,지체장애"
2222,"정범,주범"
2223,"과거,지나다"
2224,방
2225,여러분
2226,손자
2227,소녀
2228,청바지
2229,주교
2230,"집,주택,가옥,세대,호,댁"
2231,"부추기다,부채질,추키다"
2232,"방어,방지,수비,막다,저지,거절,차단"
2233,소설
2234,바지
2235,"바쁘다,분주하다"
2236,"우리,저희"
2237,"사랑,애"
2238,어질다
2239,"어부,어민"
2240,양말
2241,"책,도서,서적,책자,펴다"
2242,"앞,앞쪽,전면,전방"
2243,"암흑,깜깜하다,캄캄하다"
2244,"아부,아첨,달래다,맞추다,쓰다듬다,어루만지다,비위맞추다"
2245,"중앙,도중,중,중도,가운데,중심"
2246,시민
2247,전씨
2248,이남
2249,"전문가,베테랑"
2250,"전문,과,부문,분야"
2251,전람
2252,오이
2253,배반
2254,손녀
2255,"아래,이하,후배,하류,하,밑"
2256,"시작전사전,전,전에,이전"
2257,유치원
2258,신체의배
2259,본인
2260,본부
2261,열
2262,가진것이없다
2263,아끼다
2264,"자정,오야"
2265,실천
2266,의정부
2267,"젊다,청춘"
2268,"맞지않다,적합하지않다"
2269,"외국,이국,타국,해외"
2270,"오늘,금일,이번,오늘날,현재"
2271,"부터,이래"
2272,볶다
2273,"위로,위안"
2274,금식
2275,교장
2276,"고용,채용"
2277,"뜨겁다,화끈"
2278,"멍,멍들다"
2279,"준비,장만,채비,마련,차리다,챙기다"
2280,"전라남도,전남"
2281,"경력,이력"
2282,경계
2283,"간장,장,장유"
2284,"닿다,밀착,붙다,붙이다"
2285,"당뇨병,당뇨"
2286,"당나귀,나귀"
2287,"다르다,상이하다,딴"
2288,다니다
2289,"깜깜하다,소식이없다,감감하다,감감무소식,무소식,무신"
2290,까마귀
2291,미수
2292,"미래,다음,앞날,앞길,장래,장차,향후"
2293,주소
2294,시청
2295,이웃
2296,"이야기,강의,설교"
2297,승급
2298,어깨
2299,실각
2300,"이사,전출"
2301,"은혜,은총"
2302,"앨범,사진첩"
2303,중장
2304,시야
2305,이북
2306,"친절,대우,접대,서비스,대접"
2307,"안내,어서들어오세요,어서오세요"
2308,"주세요,주십시오,달라다,달라고하다"
2309,"식당,음식점"
2310,"승진,오르다"
2311,증조할아버지
2312,증조할머니
2313,"절정,정상,정점"
2314,경험
2315,"가정부,가사관리사"
2316,"가장,가구주,주인,호주"
2317,"검정,검다,까맣다,타다,흑"
2318,"꼬마,꼬맹이,소아"
2319,"가슴,흉부"
2320,"때문,바람,탓,말미암다,인하다,니까"
2321,"때,경우,시기,시대,시절,무렵,즈음"
2322,되다
2323,"가족,식구,세대,가구"
2324,김
2325,"길,도로"
2326,"달다,당분,당"
2327,"구공탄,연탄"
2328,"교환,바꾸다,맞바꾸다"
2329,"광택,광"
2330,"동안,사이,기간"
2331,남해
2332,남아메리카
2333,"쉬다,휴가,휴게,휴식,휴양"
2334,수비수
2335,"가사,집안일,가정일"
2336,다행
2337,미얀마
2338,먹이다
2339,"먹,먹을갈다"
2340,마리아
2341,선수
2342,선서
2343,수당
2344,"수단,수법"
2345,독도
2346,빛나다
2347,빌딩
2348,농
2349,"녹색,초록,초록색"
2350,"불합격,낙제,지다"
2351,목욕탕
2352,목욕
2353,수기
2354,리비아
2355,석탄
2356,"서점,책방"
2357,"오른쪽,우측,오른편,우,우편"
2358,알다
2359,익히다
2360,익숙하다
2361,이집트
2362,"안심,안전,안정"
2363,"안식처,안식소"
2364,"고기,물고기,생선,헤엄치다"
2365,공급
2366,공공시설
2367,"아가씨,처녀"
2368,"요트,돛"
2369,업무상과실치상죄
2370,"수비군,수비부대"
2371,외인
2372,"붙들다,검거,붙잡다,잡다"
2373,벌
2374,말레이시아
2375,"보수,수리,수선"
2376,"한국은행,한은"
2377,"학자금,학비,수업료"
2378,도시락
2379,"도시,도회,시"
2380,대통령
2381,"낳다,나다,태어나다,분만,생식,출산,출생,탄생,해산"
2382,낯설다
2383,"변하다,변질,변화,변환,돌아서다"
2384,동거
2385,무궁화
2386,납치
2387,"돕다,거들다,기여,도움,보조,원조,지원,찬조"
2388,"도살,살육"
2389,도배
2390,무한
2391,"도로,길"
2392,"망하다,멸망,붕괴,쇠망,무너지다,부서지다,허물어지다,헐다"
2393,휴게소
2394,"풀이,세이프,수습,처리,해결,해소,풀다,해내다,조치"
2395,"책방,서점"
2396,공무집행방해죄
2397,고의
2398,"소제,청소"
2399,보조공학기기
2400,보조견
2401,"공범,공동정범,공범자"
2402,"행선지,행방,가는곳"
2403,집터
2404,집값
2405,출발점
2406,할부
2407,촌장
2408,초록색
2409,거제도
2410,"낙엽,가랑잎,낙엽이떨어지다"
2411,"과목,강좌,교과,학과목,교과목"
2412,"취업,취직"
2413,거미
2414,"나타나다,드러나다,출현"
2415,무효
2416,"나중,밖,이후,후"
2417,꿀벌
2418,"탕,죽"
2419,공인중개사
2420,고향
2421,개학
2422,난쟁이
2423,나비
2424,"타인,남,타자"
2425,"혼신,온몸,몸,동체,몸뚱이,몸체,신체"
2426,하늘색
2427,"탁구,핑퐁"
2428,풋사과
2429,선동자
2430,녹두
2431,공공장소
2432,공공기관
2433,"학도병,학병"
2434,한국전쟁
2435,한국인
2436,전라도
2437,화장대
2438,관공서
2439,"공부,학업"
2440,"공무원,공복"
2441,개미
2442,"건의,제의"
2443,"개다,개키다,싸다,포장"
2444,"개,강아지"
2445,날씬하다
2446,"나머지,남다,여분,흑자"
2447,근사하다
2448,여자권사
2449,남자권사
2450,공립
2451,"열중,몰두"
2452,양어장
2453,열광
2454,"미,미처,아직"
2455,겹겹이
2456,과장
2457,중부지방
2458,"안녕하세요,안녕하십니까,안녕히가십시오,안녕히계세요"
2459,"안내인,안내원"
2460,인쇄소
2461,재택근무
2462,"도령,총각"
2463,"요즘,요사이,요새,요즈음,최근,작금"
2464,"연사,연설가,연설사,연설자"
2465,입학식
2466,따귀
2467,왼손잡이
2468,보약
2469,"선비,학자"
2470,"내밀다,떠밀다,밀다"
2471,내리누르다
2472,"검은색,검정색,흑,흑색"
2473,"받다,얻다,타다"
2474,"생신,생일,생일날"
2475,배급소
2476,섬
2477,아랫사람
2478,생선회
2479,"상류,선배,위,이상"
2480,"파란색,파랑,청,청색"
2481,몸짓
2482,다오
2483,"감사합니다,감사,고맙다"
2484,"휴일,쉬는날"
2485,"교류,교제,사귀다,사교"
2486,"관인,공인,인관,직인"
2487,휴게실
2488,"공직,공무"
2489,"공문,공문서"
2490,"거부당하다,기각,부결"
2491,상승
2492,소설가
2493,"몸동작,몸가짐,처신,태도"
2494,알아보다
2495,"바람나다,바람"
2496,"박해,짓밟다"
2497,"근로자,고용인,노동자,노무자,사원,일꾼,종업원,직원"
2498,"게시,제시"
2499,"자시다,잡수다"
2500,이야기책
2501,이삿짐
2502,밤새다
2503,향하다
2504,"통보,알리다"
2505,"메뉴,차림표"
2506,"남쪽,남,따뜻하다,봄,포근하다"
2507,"작업복,노동복,일복"
2508,농아인의날
2509,농아인
2510,"대응,맞추다"
2511,"달하다,도달"
2512,합장
2513,한복
2514,"할아버지,조부"
2515,할렐루야
2516,"한반도,남북한"
2517,한라산
2518,한국장애인고용촉진공단
2519,한국수화
2520,"학생,학도"
2521,학교
2522,학과
2523,흑자
2524,"막다,막히다,먹다"
2525,중부
2526,"집안,가정,일가,가내"
2527,진급
2528,취사장
2529,헌신
2530,"행패,횡포"
2531,허리
2532,"갱,깡패,불량배"
2533,"가라앉히다,냉각,가라앉다"
2534,"계승자,계승인"
2535,"도시,도회,도회지"
2536,"도,제주,제주도"
2537,놀이터
2538,패다
2539,"팔,팔뚝"
2540,낮잠
2541,고조할아버지
2542,고조할머니
2543,과대
2544,"과,꾼,전공,똑바로"
2545,"작업장,일터"
2546,"일자리,일터,직장"
2547,직업교육
2548,"젊은이,청년"
2549,"우두머리,두목,수장"
2550,이력서
2551,외국어
2552,"팩스,팩시밀리"
2553,택배
2554,태극기
2555,"파면,해고"
2556,"파랑,청,청색,파랗다,푸르다"
2557,"푸대접,홀대"
2558,내력
2559,"그만,그만이다"
2560,"균형,대등,수평,평등,표준,평평하다"
2561,"귀여워하다,귀엽다"
2562,"당부,부탁,요청,청하다,요구"
2563,"아니다,않다"
2564,항복
2565,"복사,카피"
2566,"대회,회"
2567,들다
2568,"비유,보기"
2569,"접속,링크,연결"
2570,영상메시지
2571,"것,몫,소유"
2572,비가내리다
2573,"낙담,낙망,낙심,실망,절망,좌절"
2574,"알수없다,이해가안되다,아리송하다"
2575,"득하다,획득"
2576,달아오르다
2577,"지폐,현금,현찰"
2578,몰아치다
2579,"전승,소승"
2580,"피곤,피로"
2581,"건설,건축"
2582,잡담
2583,스칸디나비아반도
2584,지진
2585,"바캉스,피서,여름휴가"
2586,연
2587,아멘
2588,"시골,촌"
2589,아파트
2590,"계산대,카운터"
2591,미국
2592,"불,불타다,불길,불꽃,타다,활활,활활타다"
2593,인색
2594,"습득,줍다"
2595,며칠
2596,눈이내리다
2597,월드컵
2598,"얼떨결,얼결"
2599,"애매하다,가물거리다,가물대다,불분명하다,막연하다,묘연하다,아물거리다,흐리다,희미하다,모호,불확실,어렴풋이"
2600,"세면,세수,씻다,세안"
2601,질색
2602,"간추리다,집약,요약하다"
2603,가져오다
2604,휩쓸다
2605,받아라
2606,능하다
2607,제법
2608,지갑
2609,따돌리다
2610,"무섭다,겁,겁나다,두려워하다,두렵다"
2611,"예,끄덕이다"
2612,"토의,토론"
2613,마케도니아
2614,마카오
2615,하복
2616,계약금
2617,지배인
2618,"개그맨,개그우먼"
2619,캄보디아
2620,억
2621,"앰뷸런스,구급차"
2622,"나이,나잇살,살,연령,연세"
2623,"줄,대열,늘어서다,줄지어서다,행렬"
2624,소극적
2625,자막
2626,여관
2627,종합
2628,진동
2629,사우나
2630,"앞당기다,당기다,잡아당기다"
2631,지역공주
2632,"거두다,수확"
2633,바람을피우다
2634,부속
2635,총리
2636,"바보,천치"
2637,"바람,바람이불다,가을,불다"
2638,소름
2639,어울리다
2640,영국
2641,"지문자,지화"
2642,약하다
2643,오징어
2644,배드민턴
2645,"아메리카,미국,미합중국"
2646,"자랑,뽐내다"
2647,임씨
2648,배구
2649,"얼마,몇,개수"
2650,소풍
2651,"우울,울상,시무룩하다"
2652,"부하,수하"
2653,조건
2654,"총회,총회의"
2655,총재
2656,총장
2657,금요일
2658,"기억,암기,외다,외우다"
2659,라면
2660,띠
2661,까불다
2662,"구두쇠,수전노"
2663,크로아티아
2664,"화상,영화"
2665,아차
2666,요일
2667,"계약,맺다,예매,예약"
2668,"계산,수,셈,세다,헤아리다"
2669,"게양,달다"
2670,괴팍하다
2671,괴짜
2672,"가지다,갖다,지니다,취하다,소유하다,소지하다"
2673,닭
2674,"기,깃발"
2675,묘사
2676,공기의순환
2677,"덥다,더위"
2678,"뚱뚱하다,비대,살찌다"
2679,"뚱뚱이,뚱뚱보,뚱보,뚱땡이"
2680,"물건,상품"
2681,"물가,가격"
2682,"많다,흔하다"
2683,알바니아
2684,강원도
2685,"수병,해병"
2686,"세면장,세면실"
2687,통합교육
2688,수학
2689,"노인,늙은이,늙으신네"
2690,"동갑,동년,동년배"
2691,혈액의순환
2692,"합치다,집합,합,모으다,모이다,합하다"
2693,"소화기,소방"
2694,"기구,조직,짜임,천,헝겊,짜다"
2695,수익
2696,"햇수,연수"
2697,강당
2698,미성년자
2699,극장
2700,"거리,길거리,통행"
2701,거두다
2702,"개울,시내,산천"
2703,"타월,수건"
2704,무어냐
2705,"장악,점령,점유,침략,함락"
2706,"소유자,소유주"
2707,"걸레,행주"
2708,"공사장,공사판"
2709,건설교통부
2710,미숙하다
2711,산수
2712,피서지
2713,연장자
2714,약자
2715,총사령관
2716,"내몰다,몰다"
2717,복사기
2718,"소방수,소방원"
2719,보자기
2720,계약서
2721,"휘어잡다,지배"
2722,수거
2723,건축가
2724,노약자
2725,"강연,연설"
2726,하와이
2727,해병
2728,행인
2729,"경과,흐르다"
2730,디지털
2731,"녹화,녹음,녹취"
2732,통합
2733,평면도
2734,기겁
2735,고양
2736,"그리워하다,동경,사모,그리다,그립다"
2737,터미널
2738,이스라엘
2739,관람
2740,"경과,경위"
2741,"그리기,미술,회화,그리다,그림"
2742,"좁다,옹졸하다,치사하다,옹하다"
2743,"부진,퇴보,퇴화,하강,하락,후퇴"
2744,완전하다
2745,구간
2746,후회
2747,마늘
2748,"언덕,구릉"
2749,매장
2750,첫돌
2751,"꾸다,변통,차용,빌리다"
2752,"복귀,환원,되돌리다,그대로"
2753,"내용,경과,내역,사항"
2754,"조물주,신"
2755,"따로,분리하다"
2756,"산소,뫼,묘,묘소,무덤"
2757,방글라데시
2758,"발생,생성,나다,나오다,돋다,생기다,솟다,트다"
2759,"묵직하다,무겁다"
2760,"만족,여유,자신,충족,넉넉하다,늠름하다,당당하다,떳떳하다,충분하다,푸짐하다,풍부하다,듬뿍,실컷"
2761,"도착,당도,닿다,이르다,도달"
2762,회장
2763,"부장,대장"
2764,"색칠,칠,도색"
2765,"자부심,자부"
2766,정정당당하다
2767,성경
2768,분위기
2769,"부두,항구,항"
2770,조
2771,"소용없다,쓸데없다,쓸모없다,필요없다"
2772,무례
2773,실습
2774,전복
2775,"유방,젖,가슴"
2776,"유대인,유태인,이스라엘인"
2777,"배,선박,선척"
2778,"최고,달성,이루다,이룩하다"
2779,모로코
2780,고속버스
2781,"모두,온통,전부,전체,제반,모든,온,다,모조리,몽땅,죄다"
2782,"겸손,겸허"
2783,"간섭,참견,파헤치다,헤치다"
2784,"친구,동무,벗,우인"
2785,식빵
2786,악어
2787,승용차
2788,"계단,층계"
2789,"경치,관람,구경,풍경"
2790,"단체,그룹,모임,부,부분,부서,서클,회,팀,동아리,무리"
2791,"구걸,동냥"
2792,"돌려주다,반납,반려,반환,상환"
2793,돌
2794,"빼다,깎다,덜다,제하다,배제,감면,빼기,제외,공제,생략,경감"
2795,"비누,세제"
2796,무역
2797,"대구,대구시"
2798,"다이아몬드,금강석,다이아"
2799,"목수,목공"
2800,목공
2801,만인
2802,오리
2803,"지루하다,따분하다"
2804,"과일,과실"
2805,"사형,극형"
2806,"묘지,무덤"
2807,"무게,중량"
2808,럭비
2809,"서예,붓글씨,붓글"
2810,"비법,비결"
2811,비밀
2812,낙타
2813,골키퍼
2814,"감싸다,둘러싸다,에워싸다"
2815,"환불,환급"
2816,금강산
2817,부처
2818,관광
2819,권씨
2820,"권리,권한"
2821,불필요
2822,보호자
2823,"석두,돌머리"
2824,"내몰다,배척,추방,내쫓다,쫓아내다"
2825,"거치다,방해,지장"
2826,"뱃사람,선원"
2827,돌잔치
2828,"거스름돈,잔액,잔금,잔돈"
2829,살아남다
2830,"대출금,대부금"
2831,"권세,권력,세력"
2832,단지
2833,"강냉이,옥수수"
2834,"관중,관객,구경꾼"
2835,잔업
2836,"하나님,하느님"
2837,함경북도
2838,함경남도
2839,침몰
2840,"화가,화백"
2841,"헌혈,공혈"
2842,화투
2843,"갱생,회복,소생,재생,회생"
2844,"피고소인,피고"
2845,트럭
2846,자신감
2847,설거지
2848,이집트
2849,성직자
2850,성품
2851,성인
2852,걷히다
2853,"관대하다,너그럽다"
2854,스웨덴
2855,녹차
2856,"교만,거만,오만,건방지다,잘난척하다"
2857,"성스럽다,거룩하다"
2858,"보이다,현상을보다"
2859,집어넣다
2860,취하다
2861,방송
2862,성도
2863,네덜란드
2864,"기름,숙달,원활,능숙하다,매끄럽다,미끄럽다,순조롭다,자주,빈번히,낯익다"
2865,아무나
2866,설거지
2867,뻔뻔하다
2868,배다
2869,"내밀다,무소뿔,내세우다"
2870,시치미를떼다
2871,감히
2872,대들다
2873,"귀감,모범,본받다"
2874,떠나갔다
2875,"데려가다,안내,인도,인솔,데리다,이끌다"
2876,목격
2877,"부드럽다,스펀지,말랑하다,무르다,물렁하다,보드랍다,유연하다,물렁물렁,말랑거리다,말랑대다"
2878,"행복,복"
2879,뻐기다
2880,"젖다,적시다,물들다,스미다,스며들다,묻다"
2881,"빈틈없다,완벽"
2882,"젖,유방,우유"
2883,축복
2884,"과제,숙제"
2885,"고프다,시장,굶다,배고프다"
2886,손수건
2887,성직
2888,수렴
2889,복지카드
2890,방송국
2891,복권
2892,위
2893,양보
2894,봉투
2895,"복지,복리"
2896,미끄러지다
2897,"쌀이떨어지다,쌀이바닥나다"
2898,"철면피,후안,파렴치,몰염치"
2899,이스라엘
2900,신의주
2901,코를풀다
2902,매미
2903,"맡기다,임명"
2904,비디오
2905,데려오다
2906,"무식,무지"
2907,갈망
2908,"꺼지다,소등"
2909,"물들다,젖다,적시다,스미다,스며들다,묻다"
2910,구청
2911,불행
2912,"리더,지도자"
2913,지리산
2914,"용해,녹다"
2915,말리다
2916,루마니아
2917,"도맡다,쓰다"
2918,취소권
2919,복지시설
2920,행운아
2921,"곱빼기,배가"
2922,취객
2923,성배
2924,성결
2925,보건소
2926,기초생활보호대상자
2927,야만인
2928,복지재단
2929,"사회자,사회"
2930,"중지,끄다,멈추다,그만,마르다,정지"
2931,안내소
2932,휴지
2933,대인
2934,모범생
2935,하모니카
2936,행운
2937,"매혹,매력"
2938,떠맡다
2939,"이메일,메일,전자메일,전자우편"
2940,뿌리치다
2941,짐바브웨
2942,재료
2943,누룽지
2944,광부
2945,"단계,절차,차례"
2946,한식
2947,반대쪽
2948,"대비,예비"
2949,키가크다
2950,학수고대
2951,거인
2952,발레
2953,키다리
2954,복숭아
2955,신라
2956,에스컬레이터
2957,"자라다,발육,성숙,성장,장성"
2958,분리
2959,"반대,반하다,반"
2960,"성인,어른,어르신"
2961,"아까,전,전에,이전"
2962,심다
2963,"단련,수련,수행,연단"
2964,"경주,경주시"
2965,"경상북도,경북"
2966,"경상남도,경남"
2967,"문화,문"
2968,"기다리다,대기,이따가"
2969,미리
2970,"키,신장,몸높이,체고"
2971,광산
2972,신체의등
2973,"떠나다,송별,이별,작별,헤어지다"
2974,널다
2975,"보내다,파견"
2976,"갈등,마찰,거북하다,껄끄럽다,낯설다"
2977,선거
2978,된장
2979,불국사
2980,"누구,누가,뉘"
2981,"비용,경비,비,용돈"
2982,송별연
2983,거북
2984,하인
2985,유권자
2986,예언자
2987,멀리하다
2988,"노비,노예,심부름"
2989,문화체육관광부
2990,국가유산
2991,된장찌개
2992,"더미,무궁무진,무진장,산더미"
2993,"필요,소용"
2994,"종,급사,사환"
2995,가중
2996,경상도
2997,중고품
2998,파나마
2999,"열아홉,십구"
3000,"관용어,숙어"
3001,채팅
3002,인터넷
3003,온라인
3004,"간혹,가끔,때때로,이따금,종종,간간이,드문드문,종종히,혹"
3005,약
3006,대머리
3007,"습관,버릇"
3008,"처음,시작,우선,초"
3009,"당연하다,물론"
3010,"귀신,마귀,사탄,악마,유령"
3011,"약사,약제사"
3012,"약국,약방"
3013,예수님
3014,모기
3015,무뚝뚝하다
3016,끈적끈적
3017,"나체,알몸,맨몸,전라"
3018,꿀
3019,귀신같이사라지다
3020,무미건조
3021,"첫날,초일"
3022,어림없다
3023,화요일
3024,"누락,빠지다"
3025,"마음이좁다,옹졸하다,옹하다"
3026,"장애,병신,제대로안되다"
3027,"귀걸이,귀고리"
3028,"화장실,변소"
3029,"중앙,센터"
3030,태국
3031,일시불
3032,"외아들,독자"
3033,통신
3034,단번에
3035,중얼거리다
3036,심심하다
3037,"가만있다,멈추다,멎다"
3038,"당기다,활,쏘다"
3039,"만,뿐,다만,단지,오로지,오직,한낱"
3040,마다
3041,칠레
3042,"개별,각,각각,각기,개개,낱낱이,제각기,각자"
3043,쌀
3044,설악산
3045,"불가능,불능"
3046,"분홍,분홍색,핑크,핑크색"
3047,발전
3048,뜻밖에
3049,관절
3050,"세금,조세"
3051,"전기,전자"
3052,라디오
3053,전파
3054,안되다
3055,척추
3056,막걸리
3057,뼈
3058,"무선,전기,전자"
3059,"분홍,분홍색,핑크,핑크색"
3060,"돌연,홀연"
3061,쌀밥
3062,활을쏘는사수
3063,낙지
3064,"세리,세관"
3065,궁금하다
3066,중앙청
3067,"호주,오스트레일리아"
3068,감수
3069,노리다
3070,"전기공,전공"
3071,"마리아,성모마리아"
3072,네덜란드
3073,ㅖ
3074,제비
3075,"매음녀,매춘부,창녀"
3076,ㅒ
3077,예
3078,양장
3079,ㅢ
3080,ㅟ
3081,ㅚ
3082,ㅔ
3083,"구실,명목,핑계"
3084,"교활,여우"
3085,카자흐스탄
3086,ㅐ
3087,볼링
3088,볼리비아
3089,스타킹
3090,기린
3091,"위성,인공위성"
3092,이모부
3093,"간사하다,속이다"
3094,편취죄
3095,"복잡하다,만원,혼잡,붐비다"
3096,몽골
3097,가져가다
3098,경건하다
3099,우울증
3100,감금
3101,넘어오다
3102,울분
3103,성병
3104,아르헨티나
3105,"닮다,모사,베끼다,본뜨다,모방하다"
3106,화가치밀어오르다
3107,"반갑다,반기다,재미,흥,흥취,희열,즐겁다,즐기다"
3108,무치다
3109,"훈련병,훈병"
3110,"이용,활용"
3111,국방
3112,국립
3113,국군
3114,소라
3115,설사
3116,되풀이
3117,"고난,고생,고초,고통"
3118,"격파,깨어지다"
3119,누르다
3120,"끓다,끓이다,데우다,때다,삶다"
3121,"기체,가스체"
3122,"국제,세계,세상"
3123,바른정신이아니다
3124,긁어모으다
3125,"무겁다,부담,부담감,짐"
3126,"신기하다,교묘하다,묘하다,오묘하다,이상"
3127,풀려나다
3128,피아노
3129,헌법재판소
3130,내려놓다
3131,옥탑
3132,"세계인,인류"
3133,"탄압,압박,억압"
3134,"공간이차다,가득차다,메우다"
3135,"어린이,새끼,아이,어린아이,소아"
3136,축제
3137,참고
3138,착취
3139,"갇히다,구류,하지못하게하다,지배"
3140,"가면,탈"
3141,"분열,갈라지다"
3142,부반장
3143,보람
3144,보호
3145,피아니스트
3146,관
3147,관
3148,송아지
3149,소득
3150,"복잡하다,산만하다"
3151,"복사,카피"
3152,어린이날
3153,"전쟁,전투"
3154,카지노
3155,"압수,박탈,추징,낚아채다,빼앗다,잡아채다,파리"
3156,"반장,급장"
3157,"세상,세계"
3158,심장
3159,동물사자
3160,과일배
3161,"연습,훈련"
3162,소화
3163,"오락,레크리에이션"
3164,살찌다
3165,"부피,양,용적,체적"
3166,"위험,험하다,위기"
3167,"국민,백성"
3168,가로채다
3169,맵다
3170,애국가
3171,"기피,대피,피신,회피,피하다"
3172,"가렵다,긁다"
3173,"기계,장치"
3174,"문란,교란,짬뽕,혼합,섞다,소동"
3175,구기다
3176,베드로
3177,"망설이다,주저,머무적거리다,머뭇거리다,서슴다"
3178,선풍기
3179,빼앗기다
3180,마비
3181,버섯
3182,공격
3183,"의병,의용군,의군"
3184,수축
3185,"서류,문서"
3186,수박
3187,"편찮다,아프다"
3188,"색깔,빛깔,색,색상,색채,컬러"
3189,서랍
3190,성희롱
3191,성폭력
3192,호랑나비
3193,번민
3194,"위선자,위선쟁이"
3195,"청,지다"
3196,"걱정,근심,상심,시름,염려,우수,괴롭다"
3197,낙태
3198,국유
3199,굽다
3200,"곳,위치,장소,터"
3201,"거세다,맹렬하다,진하다,힘차다"
3202,감자
3203,머리를감다
3204,"꿈,포부,꿈꾸다"
3205,"꾸짖다,나무라다,야단치다,가책,구박,꾸중,꾸지람,책망,핍박,힐책"
3206,국회의사당
3207,국회
3208,곤란
3209,"타자수,타이피스트"
3210,"타자,타이핑"
3211,흐리다
3212,"귀찮다,불편,성가시다"
3213,관직관리
3214,건청인
3215,"긁어먹다,등치다"
3216,"성,음란"
3217,애국자
3218,"반역자,역적"
3219,사신
3220,"별세,타계"
3221,"개천절,개천일"
3222,부아
3223,"옮다,옮기다"
3224,"몰려가다,몰려들다,쇄도"
3225,맏며느리
3226,"훈련,연습"
3227,"묶다,매듭"
3228,"담당자,책임자"
3229,국보
3230,국가
3231,"전쟁터,전장"
3232,"꽃집,꽃가게,화방,화원"
3233,"감당,사명,책임,담당,소임,역임,맡다,책임지다"
3234,한자
3235,"횡령,착복"
3236,혁명
3237,"호랑이,범"
3238,건청
3239,횡령죄
3240,경색
3241,"동결,얼다"
3242,도입
3243,각료
3244,"방관,방임,내버리다,방치"
3245,괴롭히다
3246,"정치인,정치가"
3247,털
3248,"군집,떼,무리"
3249,"국가시험,국가고시"
3250,"국,국가,나라"
3251,아르헨티나
3252,"크리스마스,성탄,성탄절"
3253,컴퓨터
3254,"아니꼽다,역겹다"
3255,"상여금,보너스"
3256,"다정,우정,우애,우의,친목,가까이하다,가깝다,단란하다,의좋다,정답다,친하다,친교"
3257,"알,계란,달걀"
3258,"잔,컵"
3259,"턱,한턱"
3260,통일
3261,콩고
3262,콜롬비아
3263,코스타리카
3264,카메룬
3265,불가리아
3266,친지
3267,성당
3268,십자가
3269,"엄숙하다,위엄"
3270,간절
3271,"참선,선정"
3272,교황
3273,"멀미,메스껍다"
3274,마시다
3275,"천주교,가톨릭"
3276,아르바이트
3277,센티미터
3278,노트북컴퓨터
3279,"넥타이,타이"
3280,보수교육
3281,감동
3282,"넘어오다,치밀다"
3283,영어지문자시
3284,"깨물다,물다"
3285,"고백성사,고해,고해성사"
3286,한꺼번에
3287,권위자
3288,권위
3289,기와
3290,"단위,제한,한계,한도,한정"
3291,감격
3292,빗다
3293,미달
3294,"아흔,구십"
3295,생강
3296,"씨,씨앗,종자"
3297,"복직,복임"
3298,할까봐
3299,놓아주다
3300,씩씩하다
3301,"종류,계통,종"
3302,의장
3303,"무사,무고"
3304,"망하다,도산,파산,망치다"
3305,이탈리아
3306,아프리카
3307,동사
3308,"던지다,투수"
3309,"북어,명태,건태"
3310,썩잘하다
3311,납품
3312,"짓다,공작,작성,제작,제조,만들다,가공"
3313,"복종,순응,순종"
3314,"서운하다,섭섭하다,안타깝다,애석,애타다"
3315,"자유,임의,마구,마음껏,마음대로,멋대로,제멋대로,함부로"
3316,우산
3317,작가
3318,"열매,결실을맺다"
3319,"배달,배송"
3320,"영향,끼치다,파급"
3321,쌓다
3322,"시위,데모"
3323,"승낙,수락,승인,허가,허락,허용"
3324,"퍼지다,만연,분산,유포,해산,해체,번지다,옮다,흩어지다"
3325,팔레스타인
3326,"낡다,부패,묵다,썩다,헌"
3327,은행
3328,"수의사,수의"
3329,경매
3330,"기운,힘"
3331,"골머리를앓다,골치가아프다"
3332,"거행,하다"
3333,"동요,흔들다"
3334,"마이크,마이크로폰"
3335,뻔하다
3336,마라톤
3337,"안녕,안부"
3338,아이고
3339,우즈베키스탄
3340,예산
3341,설명
3342,명동
3343,"마지못하다,무릅쓰다,불구하다"
3344,음식의장
3345,학수고대
3346,"추위,냉각,북,한랭,차다,춥다"
3347,취미
3348,짜다
3349,맛없다
3350,조작
3351,"익다,여물다,열매"
3352,의리
3353,"결정,정하다"
3354,"개월,몇개월"
3355,개구리
3356,"감염,전염,옮다,걸리다"
3357,"싸우다,격투,싸움,투쟁"
3358,"성격,성,성미,성질,질"
3359,원망
3360,보살
3361,"보따리,짐,자루"
3362,"좋다,선"
3363,"성적,염소,점수,포인트"
3364,운동장
3365,운동선수
3366,"운동,스포츠,체육"
3367,쇠망
3368,"헬스클럽,건강센터,헬스장,피트니스클럽,피트니스센터"
3369,인터뷰
3370,"갑자기,냅다,별안간,갑작스럽다,갑작스레"
3371,맥없다
3372,체육관
3373,"타이완,대만"
3374,검도
3375,"파산자,파산채무자"
3376,"건강,기력,강건하다,튼튼하다"
3377,"군인,군사,병사,병정,장병"
3378,썰매
3379,역도
3380,포복절도
3381,복구
3382,오토바이
3383,사육사
3384,"운전,핸들"
3385,북아메리카
3386,아나운서
3387,"자전거,사이클"
3388,"의지,기대다"
3389,"우연,공교롭다"
3390,부활
3391,"고장,꺾다,부러지다"
3392,"가마니,가마"
3393,당황
3394,기둥
3395,당구
3396,양파
3397,용서
3398,아이스크림
3399,스코틀랜드
3400,윷
3401,코끼리
3402,동물원
3403,"동물,짐승"
3404,고구마
3405,동시
3406,남아프리카공화국
3407,망치
3408,"망각,잊다,잊어버리다"
3409,생존
3410,뿌리다
3411,"맛있다,맛나다,맛"
3412,냉장고
3413,냉면
3414,"대만,타이완"
3415,"가방,들다"
3416,"머무르다,존재,체류,계시다,묵다"
3417,불허
3418,농구
3419,"버리다,폐기,폐하다"
3420,"목장,목축장"
3421,"수고,노고,품"
3422,만점
3423,솥
3424,"신,신발"
3425,"운전사,운전기사,운전수"
3426,"벌써,삽시간,어느덧,어느새,어언간,이미"
3427,몰염치
3428,수출
3429,번개
3430,새벽
3431,"비좁다,배좁다"
3432,비빔밥
3433,할복
3434,호인
3435,구타
3436,"집행,활동,활약"
3437,"수,운,운명,운수,점,천명"
3438,해설자
3439,"광,창고"
3440,작위
3441,군사령관
3442,곳간
3443,골프
3444,"테니스,정구"
3445,"물건을인도,인도받다"
3446,"군,군대"
3447,고환
3448,"체전,운동회"
3449,체류자
3450,이끌리다
3451,"북녘,북쪽,북,북방,북측"
3452,"삯,품삯,수고비,수수료"
3453,하자
3454,함장
3455,"달리기,달리다,뛰다"
3456,"권투,복싱"
3457,다단계
3458,테니스를치다
3459,엔진
3460,"영결식,발인"
3461,부대
3462,"운동복,체육복"
3463,사령관
3464,"사냥꾼,수렵꾼"
3465,씩씩하다
3466,북도
3467,"위반,위배"
3468,예산안
3469,"공,공로"
3470,"에어컨,냉방"
3471,"반발,반항,불복,불순종,저항,어기다"
3472,택배배달원
3473,고정
3474,"군용기,군용비행기"
3475,군사재판
3476,군복
3477,광장
3478,강자
3479,합당하다
3480,"합격,당첨,붙다"
3481,"학급,학반"
3482,해방
3483,지리멸렬
3484,호텔
3485,"행동,거동,동작,짓,품행,행실,행위,움직이다,행하다"
3486,활동보조인
3487,"가지고다니다,휴대"
3488,"계기,동기,말미암다,자"
3489,폭행
3490,판사
3491,힘없다
3492,통장
3493,"평균,평균값,평균치"
3494,제작소
3495,"전염병,돌림병"
3496,운동화
3497,이병
3498,태권도
3499,풍선
3500,바지를입다
3501,"씻다,닦다"
3502,당하다
3503,"억지,강제,형벌,징계,꼬집다,벌,징벌"
3504,"수면,숙박,잠,기숙사,자다"
3505,리
3506,"웃다,웃음"
3507,"답답하다,갑갑하다"
3508,다리다
3509,"갈고닦다,연마,단련"
3510,"신중,경계,조심,주의,준수,지키다"
3511,"복장,입다"
3512,"미장공,미장이,미장쟁이"
3513,"무리,억지로,제재"
3514,첼로
3515,"배우,연기자"
3516,바이올린
3517,조개
3518,"춤,무용,연극,추다,춤추다"
3519,고릴라
3520,"가구,장"
3521,"꽃,꽃이피다"
3522,"덕수궁,경운궁,명례궁"
3523,"빨래,빨다,세탁"
3524,"기숙사,생활관"
3525,미장
3526,줄넘기
3527,벌금
3528,"번호,번,숫자"
3529,수류탄
3530,비자
3531,"유별나다,독특,유별스럽다"
3532,곰
3533,과징금
3534,"그릇,사발"
3535,난동
3536,사면
3537,숙소
3538,"과자,쿠키"
3539,"게으름뱅이,게으름쟁이"
3540,"게으름,게으르다,게으름을피우다,나태,태만"
3541,억류
3542,벗다
3543,빨래터
3544,"무용수,무용가"
3545,계급
3546,"걷어붙이다,적극"
3547,"난항,어려워하다,어렵다"
3548,맛이짜다
3549,"여자,여성,여"
3550,"가느다랗다,가냘프다,가늘다"
3551,"여성,부녀,부녀자,여인,여자,계집"
3552,"하자,불량"
3553,"불량,결함"
3554,"장모,장모님"
3555,처남
3556,"디자인,도안,설계"
3557,누이
3558,"여성단체,부녀회"
3559,"바다,해양"
3560,ㅣ
3561,대모
3562,꼴찌
3563,"미녀,미인"
3564,"막내딸,막내"
3565,"마누라,미시즈,배우자,부인,아내,처"
3566,"연인,애인"
3567,해수욕
3568,"괜찮다,무방하다"
3569,자매
3570,차녀
3571,사위
3572,여성가족부
3573,"여동생,누이,누이동생"
3574,언니
3575,"장인,장인어른"
3576,처형
3577,"시집가다,출가"
3578,아이디어
3579,처가
3580,계모
3581,"딸,여식"
3582,"맏딸,장녀,큰딸"
3583,"외동딸,무남독녀,외딸"
3584,"누나,누님"
3585,위약
3586,여성부
3587,애처가
3588,"매형,매부"
3589,"하이힐,힐"
3590,해군
3591,매제
3592,"홀아비,홀아버지"
3593,형부
3594,해수욕장
3595,레즈비언
3596,"디자이너,도안자,설계사"
3597,"꼭,약속,야,필수,필시"
3598,어기다
3599,"곤충,벌레"
3600,동맹
3601,"훌륭하다,장하다,우수하다"
3602,"존댓말,존대어"
3603,인성
3604,"인도,섬부주"
3605,"선수를치다,손쓰다,할까봐"
3606,"귀국,착륙,내려앉다"
3607,"자결,자살,자해"
3608,"손가방,핸드백"
3609,와이셔츠
3610,"우수,훌륭하다"
3611,충성
3612,"마약,아편,중독,탐닉"
3613,알제리
3614,장하다
3615,"충청북도,충북"
3616,"잠꾸러기,잠보"
3617,상장
3618,사회
3619,있다
3620,유교
3621,독일
3622,인터뷰
3623,열매밤
3624,역사
3625,소매치기
3626,"사람,인간,분,이,자,민"
3627,상
3628,"충청남도,충남"
3629,"고아원,보육원"
3630,고아
3631,"전화,전화기"
3632,"이륙,출국"
3633,친척
3634,주전자
3635,데이트
3636,구인
3637,공군
3638,"독일어,독어"
3639,"도의,예의,에티켓"
3640,"비행기,항공,항공기"
3641,맞선
3642,항공사
3643,"공항,비행장"
3644,곡괭이
3645,날치기
3646,팔도
3647,"분,사람"
3648,쿨쿨
3649,따르다
3650,소재
3651,인부
3652,영웅
3653,"인품,인격"
3654,저명인사
3655,전화번호
3656,충신
3657,"조종사,비행사"
3658,유적지
